{"k_range": [1, 2, 3, 4, 5, 6, 7, 8, 9, 10], "sse": [69967.67274999998, 57909.14049846187, 54425.602162787865, 51014.82171319744, 48826.83708495155, 46907.37676862226, 45427.98451943598, 43959.430819872796, 42778.85958986434, 41891.64813695684], "k_best": 4}